Date,Product,Region,Quantity,Unit_Price,Revenue
12/04/2024,Monitor,QLD,8,1410,11280
14/12/2024,Keyboard,WA,3,1052,3156
27/09/2024,Smartphone,SA,1,969,969
16/04/2024,Smartphone,NSW,9,644,5796
12/03/2024,Laptop,NSW,1,1793,1793
7/07/2024,Tablet,NSW,3,562,1686
21/01/2024,Tablet,NSW,8,322,2576
12/04/2024,Keyboard,QLD,3,1411,4233
1/05/2024,Tablet,WA,4,941,3764
2/08/2024,Monitor,VIC,8,879,7032
26/11/2024,Tablet,QLD,1,619,619
28/03/2024,Keyboard,QLD,6,1849,11094
9/04/2024,Tablet,VIC,1,1475,1475
25/12/2024,Monitor,VIC,1,1842,1842
31/05/2024,Laptop,NSW,8,1772,14176
10/05/2024,Keyboard,QLD,4,1558,6232
29/05/2024,Laptop,SA,1,291,291
4/11/2024,Laptop,VIC,7,1753,12271
14/09/2024,Laptop,VIC,5,262,1310
9/12/2024,Smartphone,WA,5,1885,9425
20/10/2024,Smartphone,SA,1,711,711
10/07/2024,Laptop,SA,6,1362,8172
3/10/2024,Keyboard,VIC,9,1921,17289
9/06/2024,Monitor,NSW,9,1408,12672
9/11/2024,Monitor,WA,8,1428,11424
22/01/2024,Tablet,SA,5,971,4855
9/09/2024,Keyboard,VIC,1,1437,1437
23/08/2024,Smartphone,SA,9,455,4095
10/12/2024,Laptop,WA,1,334,334
18/02/2024,Tablet,WA,8,1796,14368
28/02/2024,Monitor,QLD,5,1074,5370
18/06/2024,Smartphone,VIC,3,1021,3063
6/07/2024,Smartphone,WA,7,287,2009
27/09/2024,Laptop,QLD,7,1187,8309
8/07/2024,Monitor,QLD,9,1430,12870
23/06/2024,Keyboard,SA,7,1352,9464
20/02/2024,Smartphone,SA,3,1022,3066
29/12/2024,Laptop,QLD,1,1226,1226
24/02/2024,Keyboard,SA,8,1173,9384
31/08/2024,Monitor,WA,3,1133,3399
15/11/2024,Smartphone,NSW,8,1977,15816
10/05/2024,Keyboard,WA,8,320,2560
2/11/2024,Keyboard,QLD,5,1608,8040
14/05/2024,Keyboard,QLD,1,1837,1837
21/01/2024,Smartphone,WA,7,1261,8827
24/11/2024,Smartphone,SA,5,1564,7820
15/06/2024,Tablet,SA,8,1207,9656
30/09/2024,Monitor,QLD,9,1124,10116
29/03/2024,Laptop,VIC,7,844,5908
11/11/2024,Keyboard,SA,7,913,6391
14/01/2024,Tablet,WA,1,1059,1059
29/08/2024,Laptop,SA,4,220,880
21/09/2024,Tablet,WA,2,441,882
11/12/2024,Smartphone,QLD,2,654,1308
22/02/2024,Keyboard,SA,2,1162,2324
5/12/2024,Laptop,WA,4,820,3280
1/04/2024,Laptop,QLD,1,502,502
20/09/2024,Laptop,VIC,4,1819,7276
4/02/2024,Laptop,WA,2,1818,3636
24/07/2024,Laptop,VIC,5,1002,5010
21/03/2024,Tablet,VIC,3,1163,3489
19/02/2024,Keyboard,NSW,8,268,2144
25/12/2024,Smartphone,SA,4,1352,5408
2/01/2024,Smartphone,WA,1,395,395
23/02/2024,Smartphone,VIC,1,339,339
15/04/2024,Smartphone,NSW,3,1667,5001
16/09/2024,Tablet,QLD,9,482,4338
5/11/2024,Monitor,WA,7,511,3577
9/07/2024,Keyboard,VIC,2,945,1890
5/08/2024,Laptop,SA,9,1758,15822
13/02/2024,Monitor,NSW,2,1888,3776
10/06/2024,Smartphone,VIC,3,476,1428
20/07/2024,Monitor,SA,2,260,520
26/09/2024,Keyboard,VIC,3,1542,4626
16/12/2024,Laptop,WA,6,251,1506
30/10/2024,Laptop,WA,9,352,3168
27/09/2024,Keyboard,WA,9,1972,17748
2/08/2024,Keyboard,NSW,7,1534,10738
8/09/2024,Smartphone,WA,3,743,2229
8/07/2024,Laptop,SA,4,766,3064
22/10/2024,Monitor,VIC,6,1612,9672
31/07/2024,Tablet,QLD,5,1771,8855
26/07/2024,Tablet,SA,2,821,1642
24/08/2024,Keyboard,SA,6,1400,8400
3/12/2024,Smartphone,WA,3,1585,4755
22/02/2024,Tablet,NSW,8,513,4104
6/10/2024,Laptop,VIC,2,1006,2012
4/08/2024,Keyboard,NSW,1,1047,1047
8/09/2024,Monitor,VIC,9,296,2664
6/07/2024,Keyboard,VIC,3,1080,3240
10/02/2024,Monitor,NSW,1,1436,1436
5/06/2024,Keyboard,SA,7,1028,7196
15/01/2024,Keyboard,VIC,5,336,1680
27/10/2024,Keyboard,NSW,5,1229,6145
5/03/2024,Monitor,VIC,1,1210,1210
10/12/2024,Monitor,QLD,9,308,2772
22/11/2024,Keyboard,SA,7,746,5222
9/01/2024,Tablet,WA,8,1262,10096
9/12/2024,Smartphone,VIC,9,861,7749
8/05/2024,Smartphone,QLD,6,624,3744
15/05/2024,Smartphone,WA,5,829,4145
3/03/2024,Monitor,WA,6,460,2760
18/05/2024,Monitor,VIC,2,1649,3298
21/03/2024,Tablet,NSW,4,286,1144
11/06/2024,Smartphone,VIC,3,664,1992
15/10/2024,Smartphone,QLD,7,275,1925
17/09/2024,Keyboard,WA,9,670,6030
18/08/2024,Monitor,VIC,5,613,3065
10/02/2024,Smartphone,NSW,6,1024,6144
28/01/2024,Tablet,VIC,2,1094,2188
14/05/2024,Tablet,SA,3,925,2775
19/07/2024,Smartphone,NSW,3,656,1968
23/11/2024,Monitor,QLD,9,1508,13572
24/09/2024,Tablet,WA,7,1462,10234
2/02/2024,Keyboard,VIC,8,1900,15200
17/02/2024,Tablet,NSW,9,1822,16398
2/03/2024,Laptop,SA,6,852,5112
3/08/2024,Laptop,NSW,4,871,3484
19/10/2024,Monitor,SA,1,1781,1781
8/04/2024,Smartphone,QLD,8,1595,12760
20/06/2024,Monitor,WA,7,694,4858
25/12/2024,Monitor,QLD,2,1847,3694
1/08/2024,Monitor,VIC,8,1268,10144
4/02/2024,Monitor,NSW,5,1624,8120
14/08/2024,Keyboard,SA,7,1470,10290
10/04/2024,Keyboard,SA,4,1839,7356
10/05/2024,Tablet,NSW,5,796,3980
13/09/2024,Laptop,NSW,8,649,5192
5/01/2024,Monitor,VIC,1,684,684
5/08/2024,Tablet,QLD,1,845,845
11/09/2024,Laptop,SA,4,819,3276
24/12/2024,Smartphone,VIC,3,1241,3723
9/10/2024,Keyboard,QLD,2,1829,3658
25/07/2024,Laptop,VIC,3,861,2583
15/01/2024,Smartphone,SA,1,957,957
11/12/2024,Laptop,NSW,1,488,488
11/02/2024,Keyboard,NSW,6,1637,9822
27/06/2024,Keyboard,QLD,5,920,4600
3/03/2024,Tablet,WA,8,837,6696
17/12/2024,Monitor,QLD,2,434,868
18/08/2024,Laptop,WA,4,615,2460
28/08/2024,Laptop,VIC,8,1137,9096
21/02/2024,Smartphone,VIC,6,698,4188
5/04/2024,Keyboard,SA,1,1173,1173
9/08/2024,Laptop,WA,4,833,3332
18/08/2024,Keyboard,SA,1,1873,1873
24/08/2024,Laptop,NSW,2,1219,2438
22/05/2024,Tablet,WA,5,314,1570
19/06/2024,Monitor,QLD,8,1131,9048
29/01/2024,Laptop,NSW,8,873,6984
5/02/2024,Keyboard,NSW,3,1936,5808
13/01/2024,Tablet,QLD,4,1457,5828
8/06/2024,Laptop,NSW,6,1763,10578
22/11/2024,Smartphone,WA,3,1234,3702
5/07/2024,Monitor,SA,2,405,810
30/08/2024,Laptop,NSW,6,1902,11412
26/03/2024,Tablet,WA,5,446,2230
10/10/2024,Smartphone,VIC,5,1782,8910
6/03/2024,Tablet,WA,5,957,4785
18/06/2024,Tablet,SA,5,1350,6750
14/02/2024,Smartphone,WA,3,346,1038
2/03/2024,Tablet,QLD,7,317,2219
13/05/2024,Smartphone,SA,6,1605,9630
10/10/2024,Laptop,VIC,4,611,2444
28/01/2024,Smartphone,QLD,2,1887,3774
17/04/2024,Smartphone,WA,9,1807,16263
13/02/2024,Monitor,SA,1,562,562
5/12/2024,Smartphone,VIC,4,1732,6928
12/10/2024,Smartphone,QLD,1,336,336
26/11/2024,Laptop,VIC,6,1398,8388
7/05/2024,Monitor,WA,4,1512,6048
13/12/2024,Keyboard,VIC,5,1157,5785
18/08/2024,Laptop,NSW,5,1704,8520
8/07/2024,Laptop,QLD,9,218,1962
12/08/2024,Keyboard,VIC,1,394,394
9/10/2024,Smartphone,WA,2,529,1058
30/04/2024,Tablet,WA,6,374,2244
25/04/2024,Monitor,VIC,5,1201,6005
20/08/2024,Tablet,WA,7,648,4536
15/09/2024,Keyboard,SA,3,1145,3435
24/12/2024,Laptop,SA,3,1577,4731
16/07/2024,Laptop,SA,2,1722,3444
16/05/2024,Monitor,NSW,3,340,1020
13/11/2024,Laptop,VIC,1,957,957
13/06/2024,Laptop,NSW,5,1129,5645
12/08/2024,Monitor,WA,5,292,1460
2/11/2024,Monitor,NSW,7,438,3066
21/08/2024,Keyboard,WA,4,404,1616
20/06/2024,Laptop,WA,3,759,2277
31/05/2024,Laptop,QLD,1,1656,1656
10/11/2024,Keyboard,SA,8,444,3552
8/06/2024,Smartphone,WA,3,1031,3093
5/04/2024,Smartphone,QLD,2,1540,3080
20/08/2024,Smartphone,SA,4,1124,4496
28/06/2024,Keyboard,WA,3,494,1482
22/04/2024,Laptop,WA,1,839,839
13/11/2024,Keyboard,NSW,3,1055,3165
21/02/2024,Keyboard,NSW,2,1505,3010
24/09/2024,Smartphone,SA,8,216,1728
21/10/2024,Tablet,WA,6,270,1620
22/04/2024,Laptop,VIC,9,1492,13428
10/04/2024,Smartphone,NSW,8,1548,12384
22/04/2024,Tablet,SA,3,504,1512
21/03/2024,Tablet,WA,5,1674,8370
5/07/2024,Monitor,WA,7,1230,8610
22/04/2024,Laptop,VIC,5,1537,7685
2/01/2024,Tablet,SA,8,1016,8128
9/05/2024,Smartphone,WA,5,1326,6630
7/08/2024,Monitor,NSW,1,1020,1020
23/02/2024,Laptop,VIC,5,392,1960
8/12/2024,Keyboard,SA,4,1976,7904
11/08/2024,Smartphone,VIC,6,1797,10782
12/08/2024,Tablet,NSW,3,728,2184
5/05/2024,Tablet,SA,5,370,1850
9/05/2024,Smartphone,VIC,2,1760,3520
22/02/2024,Tablet,QLD,6,450,2700
20/06/2024,Monitor,NSW,6,1988,11928
5/08/2024,Laptop,NSW,5,1610,8050
8/06/2024,Monitor,NSW,6,1430,8580
16/07/2024,Tablet,QLD,7,740,5180
3/09/2024,Keyboard,QLD,5,1852,9260
19/11/2024,Laptop,WA,1,615,615
21/07/2024,Laptop,VIC,8,993,7944
2/07/2024,Smartphone,WA,4,1603,6412
2/05/2024,Smartphone,VIC,9,1367,12303
11/09/2024,Keyboard,QLD,6,224,1344
20/10/2024,Laptop,QLD,1,867,867
6/10/2024,Keyboard,WA,3,1296,3888
20/11/2024,Smartphone,SA,3,831,2493
7/04/2024,Smartphone,WA,4,1316,5264
16/07/2024,Laptop,VIC,6,704,4224
27/08/2024,Monitor,WA,7,1821,12747
23/05/2024,Tablet,NSW,4,535,2140
6/04/2024,Smartphone,VIC,6,624,3744
19/07/2024,Smartphone,VIC,1,698,698
3/05/2024,Monitor,SA,8,1587,12696
5/07/2024,Monitor,QLD,7,1146,8022
21/11/2024,Keyboard,VIC,9,829,7461
14/12/2024,Keyboard,QLD,3,1968,5904
15/09/2024,Tablet,WA,2,1422,2844
27/05/2024,Tablet,NSW,1,917,917
8/09/2024,Laptop,SA,3,1636,4908
11/12/2024,Keyboard,QLD,5,538,2690
26/05/2024,Smartphone,VIC,2,858,1716
27/05/2024,Keyboard,QLD,3,1161,3483
17/12/2024,Smartphone,VIC,4,628,2512
17/07/2024,Monitor,QLD,7,1098,7686
3/11/2024,Keyboard,VIC,3,338,1014
7/05/2024,Monitor,WA,9,1916,17244
8/02/2024,Tablet,VIC,8,1141,9128
3/12/2024,Tablet,VIC,4,741,2964
25/12/2024,Laptop,NSW,1,256,256
8/05/2024,Keyboard,VIC,1,1455,1455
23/09/2024,Monitor,NSW,1,857,857
30/05/2024,Smartphone,SA,1,634,634
24/10/2024,Tablet,NSW,8,583,4664
8/04/2024,Tablet,WA,3,759,2277
19/09/2024,Smartphone,NSW,6,393,2358
8/09/2024,Monitor,SA,3,1959,5877
23/05/2024,Monitor,WA,5,1871,9355
11/12/2024,Keyboard,QLD,7,733,5131
21/04/2024,Keyboard,QLD,2,717,1434
29/02/2024,Laptop,NSW,6,915,5490
2/01/2024,Tablet,NSW,6,950,5700
30/10/2024,Keyboard,SA,3,384,1152
10/09/2024,Monitor,SA,6,491,2946
19/05/2024,Smartphone,VIC,5,1558,7790
6/02/2024,Monitor,SA,2,931,1862
8/06/2024,Tablet,VIC,9,315,2835
9/01/2024,Monitor,WA,8,1024,8192
20/08/2024,Laptop,NSW,3,1272,3816
8/04/2024,Tablet,WA,8,884,7072
26/05/2024,Smartphone,SA,9,281,2529
30/10/2024,Laptop,WA,3,1033,3099
26/07/2024,Tablet,WA,3,532,1596
10/05/2024,Smartphone,WA,2,756,1512
31/05/2024,Laptop,SA,8,534,4272
23/02/2024,Laptop,WA,1,731,731
29/04/2024,Tablet,VIC,8,420,3360
9/06/2024,Keyboard,SA,7,834,5838
25/04/2024,Laptop,WA,7,1969,13783
15/03/2024,Laptop,SA,3,1956,5868
22/04/2024,Smartphone,QLD,1,522,522
13/04/2024,Monitor,VIC,4,202,808
5/12/2024,Tablet,WA,9,1917,17253
10/09/2024,Tablet,QLD,5,405,2025
14/08/2024,Keyboard,QLD,1,239,239
21/04/2024,Keyboard,SA,5,258,1290
8/04/2024,Tablet,QLD,8,1150,9200
1/06/2024,Keyboard,VIC,8,773,6184
14/12/2024,Smartphone,VIC,5,843,4215
31/12/2024,Tablet,NSW,9,1730,15570
3/12/2024,Keyboard,VIC,1,1795,1795
12/07/2024,Tablet,QLD,4,1042,4168
5/11/2024,Monitor,VIC,3,1345,4035
11/06/2024,Laptop,SA,2,1702,3404
26/07/2024,Tablet,NSW,8,818,6544
17/06/2024,Laptop,QLD,7,295,2065
9/06/2024,Keyboard,NSW,9,1637,14733
8/03/2024,Laptop,QLD,2,1458,2916
15/10/2024,Tablet,SA,4,1097,4388
3/10/2024,Monitor,NSW,6,1285,7710
30/10/2024,Keyboard,WA,3,1479,4437
14/05/2024,Tablet,QLD,8,760,6080
13/07/2024,Keyboard,WA,3,1104,3312
7/05/2024,Smartphone,NSW,2,547,1094
2/02/2024,Laptop,WA,3,870,2610
24/06/2024,Smartphone,WA,6,1347,8082
22/01/2024,Tablet,NSW,2,1705,3410
25/08/2024,Monitor,SA,8,516,4128
6/06/2024,Keyboard,WA,1,1727,1727
7/02/2024,Laptop,WA,7,918,6426
17/08/2024,Keyboard,SA,2,1271,2542
30/12/2024,Tablet,WA,6,1632,9792
20/02/2024,Keyboard,WA,2,1359,2718
20/09/2024,Laptop,WA,2,1424,2848
9/10/2024,Tablet,VIC,8,449,3592
27/01/2024,Keyboard,SA,2,513,1026
13/08/2024,Monitor,WA,7,1591,11137
3/10/2024,Tablet,SA,3,1652,4956
12/10/2024,Tablet,QLD,8,1006,8048
6/04/2024,Monitor,QLD,7,1703,11921
10/10/2024,Smartphone,WA,8,1537,12296
12/11/2024,Laptop,SA,7,1723,12061
30/10/2024,Smartphone,SA,6,1944,11664
26/05/2024,Keyboard,SA,7,1578,11046
4/01/2024,Monitor,VIC,5,684,3420
4/02/2024,Smartphone,QLD,7,1434,10038
10/07/2024,Tablet,SA,1,1927,1927
18/02/2024,Keyboard,SA,1,243,243
17/01/2024,Keyboard,VIC,9,1764,15876
20/06/2024,Smartphone,VIC,5,770,3850
7/08/2024,Smartphone,SA,5,782,3910
6/06/2024,Monitor,NSW,3,1315,3945
15/02/2024,Laptop,SA,5,1488,7440
6/01/2024,Smartphone,SA,3,1094,3282
8/04/2024,Smartphone,VIC,9,419,3771
20/08/2024,Tablet,VIC,9,1124,10116
6/02/2024,Keyboard,SA,6,1665,9990
6/10/2024,Laptop,SA,1,600,600
14/12/2024,Tablet,SA,7,1623,11361
28/10/2024,Monitor,VIC,7,926,6482
29/06/2024,Monitor,SA,4,1190,4760
4/04/2024,Smartphone,SA,8,1098,8784
8/04/2024,Smartphone,WA,6,1799,10794
6/07/2024,Monitor,NSW,4,1057,4228
25/04/2024,Smartphone,QLD,4,1003,4012
9/07/2024,Laptop,NSW,2,689,1378
9/09/2024,Smartphone,WA,2,1708,3416
9/06/2024,Keyboard,QLD,4,1980,7920
12/09/2024,Smartphone,SA,5,1693,8465
18/11/2024,Tablet,WA,8,1797,14376
7/05/2024,Laptop,SA,6,1137,6822
18/01/2024,Tablet,VIC,4,1043,4172
7/10/2024,Tablet,WA,7,1905,13335
10/08/2024,Keyboard,VIC,8,1668,13344
23/02/2024,Laptop,WA,2,1492,2984
27/02/2024,Laptop,WA,7,466,3262
18/11/2024,Laptop,VIC,2,253,506
25/12/2024,Laptop,QLD,2,727,1454
22/06/2024,Laptop,NSW,8,1743,13944
6/10/2024,Keyboard,SA,2,815,1630
23/04/2024,Smartphone,WA,9,1282,11538
14/10/2024,Tablet,SA,1,1263,1263
7/12/2024,Laptop,VIC,9,1460,13140
30/05/2024,Smartphone,SA,1,1154,1154
6/05/2024,Smartphone,VIC,2,585,1170
3/06/2024,Tablet,SA,6,1829,10974
29/09/2024,Keyboard,NSW,6,933,5598
13/04/2024,Monitor,NSW,1,915,915
25/10/2024,Monitor,NSW,7,849,5943
2/09/2024,Smartphone,NSW,8,499,3992
24/06/2024,Tablet,NSW,2,594,1188
8/02/2024,Monitor,NSW,8,1430,11440
18/06/2024,Smartphone,VIC,9,1559,14031
3/09/2024,Keyboard,WA,6,792,4752
26/01/2024,Monitor,SA,5,1953,9765
20/12/2024,Smartphone,NSW,9,713,6417
1/11/2024,Smartphone,VIC,9,1401,12609
13/01/2024,Laptop,VIC,1,595,595
11/11/2024,Keyboard,VIC,3,570,1710
8/11/2024,Laptop,WA,9,1057,9513
5/02/2024,Tablet,SA,2,990,1980
21/06/2024,Laptop,WA,4,857,3428
20/01/2024,Laptop,QLD,4,1541,6164
16/11/2024,Monitor,VIC,2,935,1870
20/09/2024,Smartphone,QLD,3,1592,4776
21/05/2024,Keyboard,NSW,3,583,1749
22/05/2024,Laptop,NSW,1,261,261
1/04/2024,Keyboard,WA,6,704,4224
19/12/2024,Laptop,SA,8,438,3504
17/11/2024,Tablet,QLD,3,394,1182
14/10/2024,Laptop,SA,5,877,4385
2/08/2024,Monitor,WA,1,1445,1445
7/12/2024,Smartphone,NSW,7,260,1820
20/02/2024,Tablet,SA,1,1352,1352
1/06/2024,Laptop,SA,9,1189,10701
4/07/2024,Keyboard,NSW,8,884,7072
3/03/2024,Tablet,QLD,7,355,2485
8/07/2024,Tablet,NSW,7,1601,11207
4/05/2024,Laptop,SA,5,1845,9225
29/05/2024,Tablet,QLD,5,1122,5610
9/11/2024,Keyboard,QLD,5,1067,5335
27/02/2024,Tablet,NSW,1,1102,1102
7/12/2024,Keyboard,SA,8,1809,14472
31/10/2024,Laptop,WA,1,1198,1198
28/06/2024,Smartphone,SA,4,1660,6640
18/06/2024,Tablet,VIC,9,1174,10566
21/11/2024,Smartphone,WA,9,1430,12870
27/09/2024,Keyboard,QLD,5,587,2935
23/02/2024,Tablet,WA,4,1703,6812
10/04/2024,Monitor,QLD,3,1086,3258
20/09/2024,Smartphone,QLD,3,1037,3111
22/02/2024,Tablet,WA,5,1563,7815
29/02/2024,Smartphone,QLD,1,539,539
17/04/2024,Tablet,QLD,5,403,2015
5/01/2024,Laptop,VIC,6,360,2160
12/04/2024,Smartphone,SA,7,1763,12341
14/07/2024,Monitor,SA,9,591,5319
18/09/2024,Monitor,VIC,3,968,2904
30/12/2024,Keyboard,WA,2,1900,3800
15/12/2024,Tablet,NSW,3,774,2322
16/02/2024,Smartphone,NSW,9,733,6597
20/12/2024,Keyboard,NSW,7,1293,9051
6/11/2024,Smartphone,VIC,9,1092,9828
3/11/2024,Tablet,VIC,2,604,1208
23/05/2024,Monitor,QLD,5,807,4035
25/09/2024,Laptop,NSW,4,1898,7592
3/05/2024,Monitor,WA,2,1814,3628
15/04/2024,Keyboard,WA,9,1740,15660
6/06/2024,Laptop,NSW,9,1027,9243
26/05/2024,Keyboard,NSW,6,1343,8058
24/05/2024,Tablet,NSW,6,889,5334
29/04/2024,Laptop,VIC,8,1911,15288
14/11/2024,Keyboard,VIC,6,1101,6606
1/10/2024,Tablet,VIC,1,1440,1440
1/04/2024,Monitor,SA,4,255,1020
27/02/2024,Tablet,WA,7,565,3955
11/12/2024,Smartphone,WA,2,1922,3844
16/08/2024,Tablet,QLD,9,1727,15543
26/04/2024,Tablet,VIC,8,1967,15736
13/11/2024,Smartphone,SA,8,1990,15920
5/10/2024,Keyboard,SA,7,654,4578
6/05/2024,Keyboard,WA,4,303,1212
8/05/2024,Tablet,VIC,2,276,552
27/02/2024,Smartphone,QLD,3,429,1287
1/05/2024,Smartphone,VIC,6,1481,8886
1/01/2024,Monitor,NSW,5,1487,7435
26/08/2024,Keyboard,VIC,8,530,4240
16/10/2024,Laptop,NSW,6,1405,8430
5/04/2024,Keyboard,NSW,6,1092,6552
5/05/2024,Keyboard,QLD,1,1991,1991
27/04/2024,Monitor,WA,4,1773,7092
17/02/2024,Laptop,VIC,5,887,4435
29/03/2024,Monitor,NSW,3,226,678
24/08/2024,Laptop,VIC,9,1499,13491
28/09/2024,Tablet,WA,1,1875,1875
7/07/2024,Laptop,WA,6,498,2988
10/07/2024,Monitor,SA,6,1156,6936
9/03/2024,Keyboard,WA,5,998,4990
4/10/2024,Laptop,QLD,5,1314,6570
14/12/2024,Laptop,NSW,5,679,3395
3/09/2024,Smartphone,SA,6,772,4632
16/03/2024,Keyboard,QLD,8,657,5256
2/06/2024,Tablet,VIC,2,1674,3348
23/05/2024,Monitor,NSW,6,564,3384
26/03/2024,Tablet,WA,1,1058,1058
3/07/2024,Keyboard,NSW,4,1898,7592
11/10/2024,Laptop,VIC,3,550,1650
7/08/2024,Laptop,SA,9,1878,16902
9/03/2024,Keyboard,SA,3,1623,4869
16/02/2024,Laptop,SA,6,452,2712
3/04/2024,Laptop,WA,1,980,980
25/08/2024,Laptop,QLD,6,1002,6012
22/07/2024,Monitor,QLD,4,1211,4844
5/08/2024,Monitor,NSW,8,658,5264
6/12/2024,Smartphone,WA,9,1922,17298
8/02/2024,Tablet,SA,4,1116,4464
9/04/2024,Keyboard,SA,6,698,4188
15/10/2024,Keyboard,VIC,1,1149,1149
10/09/2024,Keyboard,VIC,4,707,2828
9/08/2024,Smartphone,SA,7,1527,10689
22/12/2024,Monitor,SA,1,700,700
23/01/2024,Smartphone,WA,8,1002,8016
6/09/2024,Keyboard,QLD,6,797,4782
10/01/2024,Tablet,VIC,5,365,1825
2/09/2024,Laptop,QLD,9,1638,14742
20/11/2024,Monitor,WA,2,661,1322
9/04/2024,Monitor,SA,5,1119,5595
16/10/2024,Smartphone,QLD,6,313,1878
28/06/2024,Monitor,SA,7,1656,11592
10/08/2024,Keyboard,SA,5,1191,5955
6/09/2024,Keyboard,NSW,9,1579,14211
26/05/2024,Smartphone,QLD,1,1918,1918
5/04/2024,Keyboard,QLD,7,406,2842
13/09/2024,Tablet,SA,7,1991,13937
20/11/2024,Smartphone,WA,4,1458,5832
4/01/2024,Tablet,NSW,9,1665,14985
16/01/2024,Laptop,SA,5,1578,7890
6/10/2024,Tablet,VIC,4,714,2856
1/12/2024,Laptop,VIC,7,1431,10017
3/09/2024,Laptop,NSW,4,908,3632
14/09/2024,Tablet,WA,3,1348,4044
8/06/2024,Smartphone,SA,9,337,3033
5/12/2024,Keyboard,QLD,8,538,4304
31/05/2024,Keyboard,NSW,1,736,736
26/06/2024,Laptop,WA,7,267,1869
11/06/2024,Laptop,QLD,9,1796,16164
2/02/2024,Smartphone,VIC,8,1764,14112
27/06/2024,Monitor,VIC,8,582,4656
10/04/2024,Tablet,QLD,6,218,1308
24/09/2024,Laptop,NSW,4,882,3528
18/11/2024,Keyboard,VIC,8,1673,13384
5/03/2024,Smartphone,SA,3,273,819
16/06/2024,Tablet,QLD,9,772,6948
25/11/2024,Smartphone,QLD,2,1138,2276
12/02/2024,Tablet,VIC,2,1888,3776
13/02/2024,Tablet,NSW,7,1499,10493
11/10/2024,Laptop,SA,4,1271,5084
12/01/2024,Smartphone,NSW,8,410,3280
4/04/2024,Smartphone,WA,9,1054,9486
28/10/2024,Keyboard,WA,7,850,5950
9/09/2024,Keyboard,VIC,5,1845,9225
29/08/2024,Laptop,VIC,8,1193,9544
4/02/2024,Laptop,VIC,4,894,3576
2/08/2024,Monitor,WA,2,739,1478
2/12/2024,Keyboard,NSW,6,1932,11592
30/03/2024,Tablet,NSW,9,1414,12726
20/09/2024,Smartphone,VIC,1,1538,1538
2/04/2024,Laptop,SA,7,1100,7700
30/03/2024,Smartphone,NSW,9,1786,16074
24/04/2024,Smartphone,WA,9,1884,16956
14/04/2024,Monitor,QLD,3,979,2937
14/07/2024,Keyboard,QLD,5,1785,8925
9/11/2024,Laptop,QLD,8,1981,15848
23/04/2024,Smartphone,SA,8,1336,10688
15/03/2024,Laptop,VIC,4,369,1476
4/08/2024,Tablet,WA,1,1691,1691
3/10/2024,Monitor,SA,1,1901,1901
5/09/2024,Tablet,WA,4,1237,4948
12/06/2024,Laptop,WA,6,1938,11628
22/12/2024,Laptop,VIC,8,487,3896
10/07/2024,Keyboard,QLD,6,388,2328
14/08/2024,Smartphone,VIC,9,1113,10017
25/06/2024,Smartphone,SA,9,1378,12402
8/04/2024,Tablet,SA,2,1790,3580
5/02/2024,Monitor,SA,1,893,893
5/04/2024,Smartphone,VIC,2,1945,3890
31/05/2024,Keyboard,WA,5,1087,5435
30/05/2024,Tablet,WA,4,670,2680
8/07/2024,Tablet,NSW,4,1298,5192
11/08/2024,Keyboard,SA,9,476,4284
6/02/2024,Monitor,WA,8,1139,9112
24/09/2024,Keyboard,NSW,6,1868,11208
1/07/2024,Monitor,WA,1,1566,1566
13/01/2024,Keyboard,SA,2,1648,3296
5/10/2024,Keyboard,QLD,6,770,4620
4/08/2024,Laptop,SA,2,1734,3468
20/12/2024,Tablet,VIC,5,1056,5280
26/12/2024,Keyboard,WA,5,1200,6000
12/10/2024,Keyboard,WA,6,1405,8430
29/09/2024,Smartphone,VIC,6,657,3942
2/03/2024,Tablet,VIC,6,1117,6702
24/03/2024,Smartphone,QLD,2,1032,2064
4/08/2024,Tablet,WA,3,1287,3861
7/12/2024,Smartphone,WA,6,1038,6228
5/07/2024,Keyboard,QLD,8,1483,11864
19/01/2024,Keyboard,NSW,1,392,392
25/06/2024,Laptop,QLD,1,1878,1878
9/04/2024,Smartphone,SA,2,815,1630
20/08/2024,Monitor,WA,6,605,3630
16/03/2024,Laptop,VIC,9,1949,17541
21/09/2024,Smartphone,SA,4,1977,7908
10/10/2024,Smartphone,WA,3,1142,3426
24/07/2024,Laptop,QLD,8,920,7360
10/08/2024,Keyboard,SA,9,292,2628
21/02/2024,Smartphone,WA,5,629,3145
4/12/2024,Keyboard,NSW,9,853,7677
23/05/2024,Laptop,NSW,2,1657,3314
9/03/2024,Keyboard,VIC,3,1627,4881
8/04/2024,Tablet,WA,7,633,4431
25/01/2024,Monitor,NSW,7,1335,9345
22/02/2024,Smartphone,QLD,6,574,3444
30/05/2024,Monitor,WA,6,1282,7692
23/05/2024,Keyboard,QLD,2,1266,2532
26/02/2024,Smartphone,QLD,6,406,2436
8/02/2024,Keyboard,NSW,4,979,3916
18/04/2024,Tablet,WA,3,1519,4557
29/06/2024,Laptop,SA,2,1341,2682
11/02/2024,Smartphone,NSW,1,731,731
4/07/2024,Tablet,NSW,5,1445,7225
10/08/2024,Tablet,WA,2,365,730
1/05/2024,Smartphone,WA,2,842,1684
12/05/2024,Keyboard,QLD,7,1379,9653
11/06/2024,Tablet,WA,8,1407,11256
2/08/2024,Monitor,QLD,8,289,2312
8/08/2024,Tablet,NSW,4,1317,5268
22/08/2024,Keyboard,VIC,1,212,212
26/11/2024,Keyboard,SA,7,1172,8204
25/05/2024,Monitor,NSW,1,1004,1004
26/08/2024,Tablet,WA,4,1144,4576
16/03/2024,Keyboard,SA,8,941,7528
9/01/2024,Smartphone,VIC,2,1661,3322
14/03/2024,Laptop,VIC,6,1761,10566
9/09/2024,Laptop,QLD,6,1810,10860
17/08/2024,Laptop,SA,9,1075,9675
7/01/2024,Tablet,QLD,5,1373,6865
22/06/2024,Monitor,NSW,4,859,3436
20/05/2024,Keyboard,SA,5,1231,6155
16/06/2024,Smartphone,NSW,5,1252,6260
18/06/2024,Smartphone,QLD,8,495,3960
9/10/2024,Tablet,SA,8,1185,9480
1/05/2024,Laptop,QLD,2,1125,2250
12/07/2024,Tablet,SA,7,1944,13608
5/01/2024,Monitor,QLD,8,839,6712
29/01/2024,Monitor,VIC,6,539,3234
13/06/2024,Keyboard,QLD,5,827,4135
4/12/2024,Keyboard,VIC,9,638,5742
15/05/2024,Monitor,QLD,3,1367,4101
30/12/2024,Monitor,SA,4,1141,4564
16/11/2024,Monitor,SA,9,1029,9261
7/12/2024,Tablet,SA,6,1970,11820
24/05/2024,Monitor,WA,8,718,5744
22/11/2024,Smartphone,NSW,7,1175,8225
4/08/2024,Laptop,SA,2,1268,2536
27/10/2024,Monitor,VIC,3,1154,3462
11/05/2024,Laptop,SA,1,1462,1462
18/10/2024,Tablet,WA,9,1151,10359
10/03/2024,Laptop,VIC,7,1143,8001
8/09/2024,Tablet,WA,1,354,354
1/10/2024,Smartphone,VIC,3,1404,4212
29/12/2024,Tablet,QLD,4,1438,5752
30/06/2024,Tablet,NSW,4,287,1148
15/06/2024,Keyboard,NSW,5,1479,7395
31/03/2024,Monitor,WA,3,1734,5202
20/07/2024,Monitor,NSW,3,1296,3888
11/12/2024,Smartphone,WA,1,1130,1130
19/01/2024,Smartphone,WA,7,378,2646
8/02/2024,Monitor,WA,1,411,411
5/05/2024,Keyboard,NSW,2,1457,2914
21/06/2024,Monitor,WA,4,664,2656
20/05/2024,Keyboard,NSW,4,1974,7896
29/08/2024,Smartphone,WA,5,1446,7230
7/08/2024,Laptop,SA,2,830,1660
5/05/2024,Smartphone,WA,4,1024,4096
27/02/2024,Smartphone,VIC,1,1487,1487
27/05/2024,Tablet,WA,2,1430,2860
12/11/2024,Tablet,QLD,1,806,806
26/12/2024,Tablet,WA,4,1084,4336
1/01/2024,Tablet,VIC,4,1957,7828
13/12/2024,Keyboard,VIC,7,565,3955
8/07/2024,Monitor,NSW,9,475,4275
9/07/2024,Laptop,SA,9,579,5211
7/11/2024,Smartphone,WA,5,1966,9830
26/04/2024,Keyboard,NSW,1,1532,1532
13/05/2024,Laptop,SA,1,1854,1854
27/02/2024,Keyboard,WA,6,1491,8946
13/02/2024,Keyboard,QLD,2,1144,2288
21/06/2024,Smartphone,WA,8,1287,10296
8/06/2024,Monitor,VIC,9,1009,9081
21/06/2024,Tablet,VIC,4,1573,6292
12/11/2024,Monitor,QLD,5,1124,5620
29/10/2024,Smartphone,NSW,8,693,5544
28/05/2024,Smartphone,SA,3,1746,5238
20/03/2024,Smartphone,WA,5,1321,6605
31/07/2024,Laptop,VIC,3,1294,3882
21/07/2024,Monitor,NSW,3,563,1689
8/09/2024,Monitor,QLD,3,769,2307
16/08/2024,Keyboard,VIC,7,962,6734
12/06/2024,Keyboard,QLD,7,475,3325
14/08/2024,Keyboard,WA,7,249,1743
26/05/2024,Smartphone,SA,8,1581,12648
20/01/2024,Monitor,VIC,5,927,4635
16/02/2024,Smartphone,VIC,5,1105,5525
20/08/2024,Laptop,WA,4,1127,4508
31/10/2024,Keyboard,NSW,7,763,5341
14/01/2024,Smartphone,SA,4,982,3928
22/05/2024,Smartphone,VIC,2,684,1368
1/01/2024,Laptop,SA,4,1307,5228
23/02/2024,Tablet,VIC,8,1861,14888
15/09/2024,Monitor,SA,9,783,7047
23/05/2024,Tablet,QLD,3,1519,4557
12/01/2024,Keyboard,VIC,7,435,3045
25/11/2024,Smartphone,SA,9,255,2295
11/08/2024,Laptop,NSW,4,559,2236
28/09/2024,Laptop,QLD,3,309,927
23/12/2024,Monitor,QLD,5,391,1955
4/06/2024,Tablet,NSW,1,1103,1103
8/01/2024,Monitor,SA,3,1316,3948
1/05/2024,Smartphone,WA,8,1061,8488
13/12/2024,Monitor,NSW,8,767,6136
12/06/2024,Laptop,SA,4,1283,5132
30/03/2024,Laptop,NSW,2,849,1698
15/05/2024,Keyboard,NSW,8,238,1904
4/07/2024,Keyboard,VIC,8,1763,14104
11/11/2024,Smartphone,SA,4,1272,5088
26/06/2024,Tablet,WA,3,1643,4929
28/01/2024,Monitor,VIC,2,836,1672
7/08/2024,Smartphone,NSW,9,1236,11124
22/12/2024,Keyboard,NSW,1,235,235
10/02/2024,Monitor,NSW,7,300,2100
15/08/2024,Keyboard,SA,5,1309,6545
10/07/2024,Monitor,SA,8,1739,13912
24/05/2024,Tablet,VIC,4,1446,5784
19/07/2024,Smartphone,WA,7,1561,10927
30/07/2024,Monitor,VIC,5,365,1825
7/08/2024,Laptop,QLD,5,582,2910
27/08/2024,Laptop,NSW,9,1599,14391
15/02/2024,Monitor,NSW,9,1694,15246
4/02/2024,Monitor,NSW,9,989,8901
9/09/2024,Monitor,VIC,6,1865,11190
22/03/2024,Laptop,VIC,6,230,1380
12/09/2024,Laptop,NSW,5,1598,7990
15/07/2024,Monitor,VIC,9,210,1890
29/10/2024,Keyboard,SA,8,1525,12200
10/01/2024,Keyboard,SA,7,295,2065
7/11/2024,Tablet,VIC,7,1413,9891
12/10/2024,Smartphone,NSW,6,652,3912
29/08/2024,Keyboard,VIC,5,391,1955
7/09/2024,Laptop,VIC,4,685,2740
30/12/2024,Keyboard,VIC,3,1489,4467
5/01/2024,Tablet,QLD,3,1647,4941
28/04/2024,Tablet,SA,6,1351,8106
15/10/2024,Smartphone,WA,4,437,1748
5/03/2024,Keyboard,WA,6,1578,9468
25/05/2024,Laptop,QLD,3,1335,4005
11/08/2024,Laptop,VIC,4,1669,6676
26/08/2024,Monitor,QLD,9,1566,14094
25/06/2024,Laptop,QLD,5,1368,6840
23/09/2024,Smartphone,NSW,7,1288,9016
6/12/2024,Smartphone,SA,2,1470,2940
8/10/2024,Laptop,WA,5,934,4670
3/03/2024,Laptop,VIC,9,1190,10710
4/08/2024,Monitor,WA,3,1713,5139
7/12/2024,Laptop,WA,9,1024,9216
10/11/2024,Monitor,SA,6,1662,9972
9/10/2024,Monitor,WA,4,305,1220
25/06/2024,Laptop,WA,7,380,2660
7/04/2024,Tablet,QLD,8,383,3064
14/04/2024,Tablet,SA,6,425,2550
8/04/2024,Monitor,NSW,5,976,4880
6/11/2024,Laptop,VIC,6,989,5934
6/01/2024,Tablet,WA,5,1312,6560
15/07/2024,Laptop,VIC,8,887,7096
16/12/2024,Laptop,NSW,1,729,729
12/05/2024,Laptop,VIC,7,1594,11158
23/12/2024,Keyboard,NSW,2,1171,2342
15/09/2024,Laptop,QLD,9,1135,10215
23/01/2024,Keyboard,WA,1,1622,1622
22/02/2024,Monitor,NSW,6,305,1830
13/06/2024,Tablet,VIC,9,1494,13446
20/07/2024,Tablet,WA,1,1030,1030
23/03/2024,Tablet,QLD,4,1726,6904
24/05/2024,Tablet,WA,4,878,3512
25/03/2024,Tablet,NSW,9,1748,15732
18/03/2024,Tablet,QLD,5,1048,5240
31/12/2024,Tablet,VIC,5,1255,6275
1/01/2024,Monitor,QLD,6,592,3552
20/02/2024,Laptop,QLD,1,239,239
21/06/2024,Smartphone,SA,1,859,859
23/07/2024,Keyboard,QLD,9,1441,12969
16/09/2024,Smartphone,QLD,3,1954,5862
14/10/2024,Smartphone,WA,4,1180,4720
3/02/2024,Laptop,VIC,1,1305,1305
13/12/2024,Laptop,WA,9,1044,9396
4/04/2024,Laptop,WA,8,1943,15544
12/03/2024,Tablet,NSW,2,400,800
8/02/2024,Monitor,WA,8,646,5168
2/06/2024,Tablet,SA,7,1651,11557
6/09/2024,Monitor,SA,6,1261,7566
10/06/2024,Monitor,NSW,1,1434,1434
27/04/2024,Smartphone,VIC,7,643,4501
15/09/2024,Smartphone,VIC,7,1550,10850
1/11/2024,Monitor,WA,9,960,8640
24/09/2024,Monitor,WA,1,426,426
23/02/2024,Tablet,WA,2,247,494
23/08/2024,Tablet,VIC,9,1241,11169
9/08/2024,Smartphone,QLD,9,1111,9999
7/09/2024,Laptop,SA,6,1662,9972
8/11/2024,Monitor,QLD,6,1931,11586
21/04/2024,Tablet,QLD,4,386,1544
11/09/2024,Smartphone,VIC,4,544,2176
29/10/2024,Tablet,QLD,5,423,2115
25/07/2024,Monitor,NSW,3,1029,3087
16/08/2024,Monitor,WA,1,687,687
6/12/2024,Keyboard,NSW,1,1076,1076
6/03/2024,Laptop,SA,7,1048,7336
15/03/2024,Keyboard,WA,1,1452,1452
12/04/2024,Smartphone,QLD,1,1613,1613
10/07/2024,Tablet,SA,3,1178,3534
8/09/2024,Smartphone,WA,4,1812,7248
13/08/2024,Monitor,QLD,4,1216,4864
20/10/2024,Keyboard,NSW,2,387,774
1/11/2024,Keyboard,WA,1,469,469
7/04/2024,Keyboard,QLD,3,1830,5490
3/12/2024,Smartphone,NSW,4,509,2036
12/10/2024,Monitor,SA,3,1355,4065
30/11/2024,Tablet,SA,8,1774,14192
12/12/2024,Tablet,SA,1,1295,1295
3/11/2024,Smartphone,SA,2,1044,2088
5/09/2024,Keyboard,VIC,7,1895,13265
14/06/2024,Laptop,WA,4,1410,5640
30/11/2024,Smartphone,WA,8,685,5480
30/01/2024,Smartphone,VIC,3,1414,4242
3/09/2024,Monitor,QLD,6,1645,9870
15/04/2024,Tablet,QLD,9,319,2871
20/02/2024,Smartphone,SA,1,419,419
21/03/2024,Smartphone,NSW,1,252,252
12/05/2024,Keyboard,QLD,8,1957,15656
11/10/2024,Keyboard,NSW,3,1674,5022
17/05/2024,Laptop,WA,5,1635,8175
2/07/2024,Monitor,NSW,1,1866,1866
25/11/2024,Laptop,WA,5,1460,7300
29/09/2024,Keyboard,VIC,6,957,5742
5/12/2024,Tablet,VIC,8,937,7496
9/03/2024,Keyboard,SA,3,919,2757
3/02/2024,Monitor,QLD,3,605,1815
18/09/2024,Keyboard,SA,9,807,7263
22/02/2024,Monitor,WA,4,1220,4880
23/07/2024,Monitor,SA,4,621,2484
5/05/2024,Monitor,NSW,7,911,6377
22/08/2024,Monitor,WA,2,446,892
12/02/2024,Monitor,VIC,8,271,2168
27/08/2024,Tablet,QLD,6,384,2304
20/04/2024,Laptop,WA,3,205,615
5/09/2024,Smartphone,WA,9,1429,12861
30/05/2024,Laptop,NSW,5,1767,8835
1/07/2024,Monitor,QLD,8,1834,14672
1/12/2024,Tablet,VIC,7,1105,7735
4/04/2024,Keyboard,WA,8,586,4688
8/01/2024,Tablet,WA,7,1991,13937
25/12/2024,Monitor,NSW,3,898,2694
2/07/2024,Tablet,SA,2,1299,2598
7/10/2024,Tablet,VIC,7,1400,9800
13/07/2024,Monitor,QLD,3,1026,3078
17/12/2024,Tablet,WA,3,548,1644
13/07/2024,Smartphone,WA,2,1478,2956
3/06/2024,Smartphone,VIC,4,1925,7700
2/04/2024,Tablet,SA,8,507,4056
8/06/2024,Keyboard,WA,1,1568,1568
1/03/2024,Monitor,VIC,1,1350,1350
1/05/2024,Smartphone,NSW,5,486,2430
20/02/2024,Keyboard,SA,5,965,4825
3/10/2024,Tablet,QLD,1,924,924
5/01/2024,Keyboard,WA,6,961,5766
1/04/2024,Laptop,VIC,1,1819,1819
18/06/2024,Smartphone,NSW,5,1710,8550
12/11/2024,Tablet,QLD,9,582,5238
22/01/2024,Monitor,VIC,5,1629,8145
21/11/2024,Tablet,VIC,6,587,3522
1/01/2024,Monitor,QLD,8,724,5792
12/05/2024,Tablet,NSW,1,1780,1780
20/08/2024,Keyboard,NSW,2,838,1676
12/01/2024,Keyboard,SA,9,1137,10233
11/12/2024,Keyboard,WA,3,1849,5547
15/02/2024,Laptop,QLD,6,475,2850
3/02/2024,Monitor,QLD,5,699,3495
18/03/2024,Keyboard,QLD,2,916,1832
5/08/2024,Laptop,NSW,7,536,3752
27/10/2024,Monitor,WA,4,1131,4524
13/03/2024,Tablet,SA,1,680,680
8/10/2024,Laptop,VIC,4,1110,4440
5/09/2024,Smartphone,VIC,6,1496,8976
16/02/2024,Laptop,QLD,7,1281,8967
30/04/2024,Laptop,WA,7,1551,10857
1/08/2024,Monitor,NSW,7,1954,13678
26/08/2024,Tablet,WA,3,308,924
25/02/2024,Smartphone,WA,6,1502,9012
15/12/2024,Keyboard,NSW,8,1909,15272
16/04/2024,Keyboard,QLD,4,527,2108
14/11/2024,Laptop,WA,8,1999,15992
17/02/2024,Monitor,VIC,2,514,1028
1/03/2024,Monitor,NSW,9,1697,15273
2/12/2024,Keyboard,SA,9,1334,12006
26/01/2024,Smartphone,QLD,8,898,7184
18/10/2024,Tablet,NSW,1,980,980
13/09/2024,Smartphone,SA,2,1452,2904
8/01/2024,Tablet,SA,6,1720,10320
22/04/2024,Keyboard,WA,5,355,1775
20/12/2024,Tablet,WA,9,1696,15264
9/09/2024,Monitor,WA,5,1924,9620
28/06/2024,Laptop,NSW,2,1495,2990
25/07/2024,Laptop,NSW,4,1086,4344
29/10/2024,Keyboard,QLD,9,1225,11025
6/05/2024,Monitor,WA,1,957,957
25/02/2024,Smartphone,SA,1,921,921
1/08/2024,Monitor,VIC,7,1734,12138
14/01/2024,Laptop,QLD,3,1112,3336
28/01/2024,Laptop,NSW,2,1509,3018
18/03/2024,Monitor,QLD,9,1070,9630
3/08/2024,Monitor,QLD,3,212,636
30/12/2024,Laptop,QLD,2,807,1614
2/06/2024,Smartphone,QLD,8,697,5576
14/01/2024,Keyboard,VIC,6,1956,11736
5/07/2024,Keyboard,WA,6,437,2622
7/11/2024,Monitor,SA,7,1317,9219
7/01/2024,Keyboard,QLD,7,1561,10927
3/01/2024,Laptop,QLD,6,980,5880
20/04/2024,Laptop,QLD,4,1394,5576
25/08/2024,Monitor,WA,9,805,7245
28/12/2024,Monitor,NSW,6,860,5160
26/08/2024,Monitor,NSW,4,1847,7388
30/09/2024,Smartphone,VIC,3,1790,5370
20/10/2024,Keyboard,NSW,4,1048,4192
14/08/2024,Monitor,QLD,3,1135,3405
15/01/2024,Tablet,QLD,2,1690,3380
10/07/2024,Tablet,QLD,5,827,4135
28/04/2024,Laptop,VIC,2,342,684
28/01/2024,Keyboard,QLD,6,1424,8544
20/07/2024,Monitor,NSW,3,1403,4209
8/02/2024,Tablet,WA,6,913,5478
29/09/2024,Keyboard,WA,9,1587,14283
18/08/2024,Laptop,SA,1,678,678
26/03/2024,Smartphone,NSW,6,764,4584
5/05/2024,Keyboard,QLD,9,670,6030
26/10/2024,Keyboard,WA,4,583,2332
25/01/2024,Smartphone,NSW,2,1915,3830
24/05/2024,Keyboard,WA,4,1125,4500
13/01/2024,Laptop,QLD,1,616,616
30/07/2024,Laptop,WA,3,507,1521
25/01/2024,Smartphone,SA,9,848,7632
8/03/2024,Monitor,SA,5,1917,9585
7/03/2024,Tablet,WA,6,1590,9540
20/08/2024,Monitor,NSW,3,1224,3672
18/04/2024,Keyboard,NSW,5,1267,6335
25/05/2024,Tablet,NSW,8,938,7504
20/04/2024,Smartphone,WA,6,1321,7926
15/08/2024,Smartphone,NSW,4,1943,7772
20/04/2024,Tablet,QLD,2,1488,2976
3/02/2024,Laptop,SA,9,339,3051
20/04/2024,Tablet,QLD,1,1704,1704
20/09/2024,Keyboard,NSW,1,1460,1460
23/08/2024,Laptop,QLD,4,1173,4692
23/03/2024,Smartphone,NSW,7,1216,8512
11/02/2024,Tablet,WA,1,1152,1152
10/04/2024,Monitor,QLD,9,1103,9927
6/01/2024,Monitor,WA,4,271,1084
28/06/2024,Keyboard,WA,3,1890,5670
8/10/2024,Monitor,VIC,1,1413,1413
15/11/2024,Tablet,NSW,4,1491,5964
13/08/2024,Tablet,SA,9,1544,13896
10/11/2024,Monitor,NSW,6,306,1836
30/12/2024,Tablet,SA,6,1455,8730
16/08/2024,Keyboard,NSW,1,1265,1265
15/10/2024,Laptop,WA,2,1925,3850
29/05/2024,Keyboard,QLD,6,1082,6492
3/10/2024,Keyboard,QLD,2,338,676
16/07/2024,Tablet,VIC,3,814,2442
10/03/2024,Laptop,SA,4,1906,7624
21/04/2024,Tablet,SA,5,1062,5310
4/01/2024,Smartphone,SA,9,472,4248
15/12/2024,Tablet,WA,4,1704,6816
26/11/2024,Tablet,SA,9,615,5535
13/11/2024,Tablet,QLD,3,705,2115
15/12/2024,Laptop,WA,8,932,7456
4/04/2024,Tablet,NSW,1,1948,1948
31/05/2024,Laptop,SA,9,623,5607
6/11/2024,Monitor,SA,9,1630,14670
16/05/2024,Smartphone,NSW,2,1791,3582
3/09/2024,Laptop,SA,4,589,2356
30/08/2024,Monitor,NSW,8,541,4328
31/01/2024,Laptop,WA,7,1145,8015
9/02/2024,Laptop,QLD,1,813,813
16/08/2024,Smartphone,NSW,5,692,3460
5/02/2024,Keyboard,VIC,7,391,2737
10/08/2024,Keyboard,NSW,4,698,2792
6/01/2024,Laptop,SA,1,1021,1021
17/11/2024,Tablet,WA,9,1935,17415
7/08/2024,Monitor,WA,5,1456,7280
15/03/2024,Tablet,NSW,2,426,852
4/01/2024,Tablet,QLD,8,1594,12752
30/11/2024,Laptop,VIC,2,338,676
13/05/2024,Laptop,WA,3,1055,3165
27/04/2024,Laptop,SA,1,1016,1016
3/04/2024,Laptop,SA,2,1372,2744
2/03/2024,Keyboard,QLD,7,1338,9366
12/07/2024,Laptop,WA,2,1673,3346
30/11/2024,Keyboard,NSW,6,1286,7716
21/07/2024,Keyboard,SA,3,303,909
26/01/2024,Laptop,QLD,4,1070,4280
21/06/2024,Smartphone,WA,8,867,6936
26/10/2024,Monitor,WA,3,472,1416
12/05/2024,Tablet,WA,6,1229,7374
21/11/2024,Keyboard,WA,1,1370,1370
27/04/2024,Monitor,WA,7,383,2681
19/11/2024,Smartphone,SA,8,1251,10008
1/10/2024,Tablet,QLD,8,1773,14184
30/07/2024,Tablet,WA,3,1342,4026
12/08/2024,Keyboard,VIC,1,492,492
20/01/2024,Laptop,VIC,9,1594,14346
22/04/2024,Smartphone,QLD,6,1467,8802
19/05/2024,Keyboard,NSW,9,1803,16227
16/02/2024,Smartphone,NSW,7,1949,13643
1/01/2024,Laptop,NSW,1,1441,1441
30/03/2024,Laptop,VIC,1,376,376
21/05/2024,Keyboard,NSW,6,1522,9132
15/11/2024,Laptop,SA,5,1899,9495
7/02/2024,Monitor,WA,9,257,2313
19/10/2024,Tablet,VIC,2,1492,2984
18/05/2024,Keyboard,QLD,8,507,4056
